Spotify ID,Artist IDs,Track Name,Album Name,Artist Name(s),Release Date,Duration (ms),Popularity,Added By,Added At,Genres,Danceability,Energy,Key,Loudness,Mode,Speechiness,Acousticness,Instrumentalness,Liveness,Valence,Tempo,Time Signature
0Lf9AIOPZqprp67xBWbTG1,"7g3iwvP459BN53F7CDxemI","Intermezzo, Op. 118, No. 2 - Live","The Bandwagon","Jason Moran",2003-01-01,399053,28,spotify:user:barak.tzori,2022-10-31T00:49:10Z,"contemporary jazz,jazz piano,modern jazz piano",0.426,0.156,9,-30.385,1,0.0595,0.818,0.893,0.0947,0.138,69.916,3
7bu0znpSbTks0O6I98ij0W,"40Yq4vzPs9VNUrIBG5Jr2i","Tonight, Tonight - Remastered 2012","Mellon Collie And The Infinite Sadness (Deluxe Edition)","The Smashing Pumpkins",1995,254626,70,spotify:user:barak.tzori,2022-10-31T15:40:03Z,"alternative metal,alternative rock,grunge,permanent wave,rock,spacegrunge",0.277,0.67,6,-9.381,1,0.0376,0.0000628,0.751,0.237,0.217,148.342,4
6sR4zv1p2GTrdDz9BuNZE0,"3uaHfXYx9Fh4HjqMbrWn5S,2vI9KFm0fwSfPrpEgOeIbq,0nXwIc4NAbu2K881ealRDu,5ACxPOI9gR3l0cyy2dvkHv","Silly Little Love Song (feat. Brad Mehldau, Christian McBride & Brian Blade)","RoundAgain (feat. Brad Mehldau, Christian McBride, Brian Blade)","Joshua Redman,Brad Mehldau,Brian Blade,Christian McBride",2020-07-10,421960,24,spotify:user:barak.tzori,2022-11-01T14:33:44Z,"contemporary jazz,contemporary post-bop,jazz,jazz saxophone,straight-ahead jazz,jazz fusion,jazz piano,modern jazz piano,ecm-style jazz,jazz drums,electric bass,hard bop,jazz double bass",0.694,0.438,1,-10.901,1,0.0397,0.759,0.886,0.119,0.403,91.96,4
0tg48LaufDT970brtDd7Pg,"3PP6ghmOlDl2jaKaH0avUN","Opus","For the first time","Black Country, New Road",2021-02-05,481306,44,spotify:user:barak.tzori,2022-11-01T16:32:27Z,"crank wave,indie rock,london indie,uk post-punk revival",0.245,0.403,9,-10.182,1,0.0306,0.00805,0.709,0.119,0.0383,178.76,3
1cpANF6zMBoFoxkoIjZHjv,"4jXfFzeP66Zy67HM2mvIIF,5pMmqpG3HsoJ6EDDoXGXEr","Skating In Central Park","Undercurrent","Bill Evans,Jim Hall",1962,324200,61,spotify:user:barak.tzori,2022-11-02T14:34:52Z,"bebop,contemporary post-bop,cool jazz,jazz,jazz piano,vocal jazz,jazz guitar",0.478,0.0294,0,-25.319,1,0.0453,0.993,0.948,0.105,0.148,124.308,3
2kZHjhdq7VD7pNJg0jaoXN,"78u2puZeKJRYIfNHkx2Jdh,5XCybXjHh3UbsYyNqUPeeE","לא מספיק/לא מוותר/לא פראיירים - לייב","בהופעה חיה","Hadag Nahash,תזמורת המהפכה",2015-03-26,466374,13,spotify:user:barak.tzori,2022-11-02T23:44:03Z,"israeli hip hop,jewish hip hop",0.436,0.84,4,-7.899,0,0.102,0.254,0,0.973,0.649,116.755,4
6u1BpxSjWEiUkiyHf1B8nr,"22KzEvCtrTGf9l6k7zFcdv","Afterglow","Invisible Cinema","Aaron Parks",2008-01-01,165426,43,spotify:user:barak.tzori,2022-11-03T14:58:51Z,"contemporary jazz,contemporary post-bop,ecm-style jazz,jazz,jazz piano,modern jazz piano",0.355,0.0161,10,-26.791,0,0.0491,0.995,0.936,0.0731,0.08,63.084,5
5ON8SSEFQtnhftaRAOt9Wl,"7Hvq85OU8T7Hsd63zNBwaL","Welcome To Hell","Hellfire","black midi",2022-07-15,249709,50,spotify:user:barak.tzori,2022-11-03T22:03:29Z,"crank wave,noise rock,uk noise rock,uk post-punk revival",0.528,0.941,0,-1.596,1,0.193,0.168,0.000498,0.0931,0.466,128.904,4
6fbAsgyETmW0XyW0uvYAk7,"44ejFPE33H5aOInxNV2BFP","Santa María (del Buen Ayre)","La Revancha Del Tango (20th anniversary edition)","Gotan Project",2001,357906,40,spotify:user:barak.tzori,2022-11-04T14:31:39Z,"jazztronica,neotango,tango,world",0.89,0.557,9,-8.793,1,0.054,0.0448,0.679,0.046,0.255,117.992,4
5957ff6f2tI7Jo5wduClad,"44ejFPE33H5aOInxNV2BFP","Desilusion","Tango 3.0","Gotan Project",2010-04-20,264840,16,spotify:user:barak.tzori,2022-11-04T14:54:26Z,"jazztronica,neotango,tango,world",0.872,0.797,2,-5.685,0,0.0393,0.101,0.154,0.221,0.771,122.036,4
3bhM4UoYkpC5JWCDzm1ca5,"5wu05jGsVMAFHYMYHqCB9l","Lo Baiom Velo Balyla","Gently Disturbed","Avishai Cohen",2008,325120,33,spotify:user:barak.tzori,2022-11-08T15:08:01Z,"contemporary jazz,ecm-style jazz,israeli jazz,jazz,jazz double bass,jazz trumpet",0.345,0.236,7,-19.309,0,0.0385,0.942,0.94,0.107,0.188,109.133,4
7eYF1tAcKBvhJU4W9K0Uca,"2vI9KFm0fwSfPrpEgOeIbq","When It Rains","Largo","Brad Mehldau",2002-08-13,396626,41,spotify:user:barak.tzori,2022-11-08T17:02:17Z,"contemporary jazz,contemporary post-bop,jazz,jazz fusion,jazz piano,modern jazz piano",0.375,0.627,4,-10.267,1,0.0371,0.253,0.685,0.2,0.133,123.462,4
04RCovPxhKQGxLTc6Q4Bva,"3OJGG2blZ0c3YTOMSKZaHj","It Could Happen To You","Tokyo '96","Keith Jarrett Trio",1998-04-20,698160,23,spotify:user:barak.tzori,2022-11-09T16:00:33Z,"contemporary post-bop,ecm-style jazz,jazz,jazz trio",0.507,0.268,9,-23.837,0,0.0357,0.748,0.704,0.903,0.297,97.854,4
1gF14tz9ULmdmm9kQRKc1v,"5PifaykkaJRJlWbUz3H0od","Spent Winter","Eons","Mimicking Birds",2014-05-13,280666,13,spotify:user:barak.tzori,2022-11-10T04:19:31Z,"portland indie",0.227,0.549,4,-9.236,0,0.0353,0.0236,0.758,0.154,0.191,168.345,3
3k2kIiJqUiIP49iUcOLpWT,"3PP6ghmOlDl2jaKaH0avUN","The Place Where He Inserted the Blade","Ants From Up There","Black Country, New Road",2022-02-04,433360,59,spotify:user:barak.tzori,2022-11-10T04:33:00Z,"crank wave,indie rock,london indie,uk post-punk revival",0.376,0.451,11,-8.276,1,0.0327,0.402,0.0000413,0.128,0.164,123.344,3
0deGvED9F7gppuKBoCBuDJ,"5UbgVjyCkpIMOzQuOI4DOW,4eIu7kgUUZzOgx6goRqEQX","סוס עם כתם על המצח - Live","חוה שרה ושלומי מנגן - בהופעה (Live)","Chava Alberstein,Shlomi Shaban",2019-12-25,405906,6,spotify:user:barak.tzori,2022-11-10T15:46:01Z,"classic israeli pop,israeli singer-songwriter,israeli rock",0.546,0.464,9,-8.741,1,0.151,0.888,0,0.93,0.712,137.674,4
5X0UESDGqxNkFIbgtZU0sc,"3gC0JIIgE2lK3yztam5ndm","מכיר אותו","אולי זה אני","Yoni Bloch",2004-03-18,273466,35,spotify:user:barak.tzori,2022-11-11T15:45:57Z,"israeli pop",0.549,0.636,9,-5.972,1,0.0472,0.0858,0,0.303,0.364,144.156,4
6dlCkU5U8tDNErWoPHujPV,"3uaHfXYx9Fh4HjqMbrWn5S,5qOfTfMzTj2dvvpWKzIFk6","Dirty Blonde","The Bad Plus Joshua Redman","Joshua Redman,The Bad Plus",2015-05-26,332066,23,spotify:user:barak.tzori,2022-11-11T19:00:55Z,"contemporary jazz,contemporary post-bop,jazz,jazz saxophone,straight-ahead jazz,avant-garde jazz,jazz trio,modern jazz trio",0.534,0.579,8,-9.43,1,0.0255,0.618,0.834,0.11,0.606,96.996,4
05Hz5L84SJL5QHXLE1wx7A,"16XberediOtO5CaMrx85cR,7oLsMqN5OV6lg2xydNH5ge","שיר השיירה","על גבול האור","Arik Einstein,Miki Gavrielov",1987-11-01,252000,32,spotify:user:barak.tzori,2022-11-12T06:29:42Z,"classic israeli pop,israeli rock,israeli singer-songwriter",0.652,0.656,3,-12.066,1,0.0351,0.361,0,0.389,0.962,116.592,4
59FdiKJe5LXnDhKKd6vrI5,"1HJHwWck1EY096ea2iPAHO,6ynifrh6ZrWXHAywnUlNV3","I'll Remember April","More Study In Brown","Clifford Brown,Max Roach Quintet",1956-01-01,582173,9,spotify:user:barak.tzori,2022-11-14T15:22:24Z,"bebop,hard bop,jazz,jazz trumpet,jazz drums",0.494,0.452,2,-13.675,1,0.0751,0.338,0.0241,0.0847,0.643,145.782,4
5sIRYHwGdZJtsgtbZEDBvL,"05YG290otZjn1UMHXjEqxh,0CLfzcggLRM68jV5kOqdSL","כשאור דולק בחלונך","ארבע עשרה אוקטבות","Yoni Rechter,Avner Kenner",1994-01-01,217600,12,spotify:user:barak.tzori,2022-11-15T17:30:39Z,"classic israeli pop,israeli rock",0.474,0.581,0,-10.898,1,0.032,0.686,0.00000263,0.095,0.557,103.201,4
6l3A2EWZSOA8LTMmzRCyD3,"4XpPveeg7RuYS3CgLo75t9","Dream House","Sunbather","Deafheaven",2013-05-28,554573,48,spotify:user:barak.tzori,2022-11-16T15:50:52Z,"atmospheric black metal,blackened screamo,blackgaze,emotional black metal,post-metal,usbm",0.1,0.804,7,-4.669,1,0.0768,0.00000684,0.916,0.384,0.0954,82.211,4
2iRy66b9oGfv2hg48EeaTt,"3pvRbmrqOyFxB2Eext4Dki,3PubLnxnO5N2Avr3UvG1Vc","My Queen Is Ada Eastman","Your Queen Is A Reptile","Sons Of Kemet,Joshua Idehen",2018-03-30,399733,35,spotify:user:barak.tzori,2022-11-16T16:15:51Z,"afrofuturism,british jazz,contemporary jazz,progressive jazz fusion,slam poetry",0.625,0.832,6,-6.294,1,0.105,0.656,0.0318,0.0979,0.725,146.092,4
0Q0IVlqMV64kNLlwjPj0Hl,"2WKdxPFRD7IqZvlIAvhMgY,2Mu5NfyYm8n5iTomuKAEHl","Killing Me Softly With His Song","The Score (Expanded Edition)","Fugees,Ms. Lauryn Hill",1996-02-13,298773,80,spotify:user:barak.tzori,2022-11-17T00:43:11Z,"east coast hip hop,hip hop,neo soul,new jersey rap,alternative r&b,conscious hip hop,r&b,soul",0.765,0.29,4,-17.117,0,0.139,0.0279,0,0.571,0.506,92.409,4
4McnwZSWIUsFW6XSheLTuz,"29Dxrw2EX2El2semJOJojN","סוף עונת התפוזים","סוף עונת התפוזים (מהדורת סימני דרך)","Tamuz",1976-01-01,271853,33,spotify:user:barak.tzori,2022-11-18T01:39:52Z,"classic israeli pop,israeli rock",0.465,0.828,9,-6.998,0,0.0522,0.132,0.000258,0.104,0.477,137.145,4
59n8t2h8uKaKWfq1vBgyvY,"2FMOHE79X98yptp4RpPrt7,1CFCsEqKrCyvAFKOATQHiW","Religion (feat. Lecrae) - Live","Gumbo Unplugged (Live)","PJ Morton,Lecrae",2018-03-09,309590,30,spotify:user:barak.tzori,2022-11-18T14:45:00Z,"neo r&b,christian hip hop",0.476,0.708,10,-6.582,0,0.114,0.268,0.0000156,0.653,0.636,143.218,4
2r3RWI7rhI07Kv2k0qyi18,"21SOnTj5ECwVXeBUTRcP3s","Hurts My Brain","Operation Funk","Cory Henry",2022-07-15,184000,18,spotify:user:barak.tzori,2022-11-18T15:56:44Z,"jazz organ,neo r&b,retro soul",0.597,0.536,0,-5.516,1,0.0776,0.00282,0.000169,0.117,0.779,165.117,4
17YIpKXRkKKqvb8ZbzyOG1,"6O5k8LLRfDK8v9jj1GazAQ","Lost Kingdoms","Nubya's 5ive","Nubya Garcia",2018-12-07,458605,44,spotify:user:barak.tzori,2022-11-19T01:21:56Z,"british jazz,indie soul",0.432,0.467,11,-10.385,0,0.118,0.0843,0.837,0.0672,0.473,81.444,4
1SsUx7lHTfuiSSB1KfRMdE,"1ooV8YZC1KbpEcrmI8WH0F","Distance","Dawn","Yebba",2021-09-10,255800,59,spotify:user:barak.tzori,2022-11-19T17:47:27Z,"pop soul",0.601,0.511,0,-7.297,1,0.038,0.68,0.252,0.0732,0.469,139.955,4
3OvrUhb0j3ue41yfY8pDOp,"44bvfFf9VeGwVjK0QDqQ7O,6DanD7KHwrNSqjxHKdLGzG,0NSO0g40h9CTj13hKPskeb","Jamais quand il faut","Au pays d'Alice...","Oxmo Puccino,Maîtrise de Radio France,Ibrahim Maalouf",2014-11-17,288960,18,spotify:user:barak.tzori,2022-11-21T15:33:10Z,"french hip hop,old school rap francais,rap conscient,children's choir,arabic jazz,french jazz,jazz trumpet",0.511,0.741,5,-9.526,0,0.303,0.267,0.000312,0.0747,0.679,188.03,4
2n00fdX9zhLIEpEP24mGRs,"0NSO0g40h9CTj13hKPskeb,5LVp2pGNzmOQqXzziBBR5x","Bambino","Dalida By Ibrahim Maalouf","Ibrahim Maalouf,Alain Souchon",2017-11-17,220000,38,spotify:user:barak.tzori,2022-11-22T00:51:05Z,"arabic jazz,french jazz,jazz trumpet,chanson,french rock",0.733,0.352,9,-10.873,1,0.121,0.15,0.00000186,0.0714,0.719,134.372,4
24KKmhXPAE1rCNyv4X9f0c,"27DeRe5LjIt9ZPXUjF90h6,4nJDD9jIfsXuY93Kvx7bgT,1caVPl46Ta6C8DYns5AAuo","Smoke Stack","Historicity","Vijay Iyer,Stephan Crump,Marcus Gilmore",2009-10-13,489360,5,spotify:user:barak.tzori,2022-11-23T23:49:13Z,"contemporary jazz,ecm-style jazz,indian jazz,jazz piano,modern jazz piano,jazz drums",0.396,0.496,11,-11.292,1,0.0456,0.269,0.885,0.111,0.464,68.77,4
73pYOMJPq4kXu3SAb7z7WM,"2339FZ7b9LMtb292UiNMiV","Uncle John","Applecore","The Weather Machine",2022-11-21,273480,6,spotify:user:barak.tzori,2022-11-27T04:37:57Z,"portland indie",0.453,0.632,9,-5.82,1,0.0502,0.221,0.00455,0.263,0.45,130.412,4
0T4KV1pj8as2xvdHZAP5ae,"0F3Aew9DSd6fb6192K1K0Y","Köln, January 24, 1975, Pt. I - Live","The Köln Concert","Keith Jarrett",1975-11-30,1561600,49,spotify:user:barak.tzori,2022-11-27T15:19:27Z,"bebop,contemporary jazz,contemporary post-bop,ecm-style jazz,jazz,jazz fusion,jazz piano",0.343,0.252,2,-16.201,1,0.0517,0.979,0.84,0.714,0.0825,115.299,4
66LtlGM6YyxY5yB5EP8FZs,"1Dvfqq39HxvCJ3GvfeIFuT","Stargasm","The Hunter","Mastodon",2011-09-27,279840,30,spotify:user:barak.tzori,2022-11-28T05:58:28Z,"alternative metal,atlanta metal,metal,nu metal,progressive groove metal,progressive sludge,sludge metal,stoner metal,stoner rock",0.254,0.965,0,-3.242,1,0.0754,0.0000586,0.0104,0.139,0.19,123.401,4
7wOKVOhqghB6rCyaPWVegJ,"7guDJrEfX3qb6FEbdPA5qi","Boogie On Reggae Woman","Fulfillingness' First Finale","Stevie Wonder",1974-07-22,296333,48,spotify:user:barak.tzori,2022-12-02T01:17:37Z,"motown,soul",0.888,0.741,10,-10.063,0,0.0535,0.22,0.058,0.0849,0.641,106.916,4
6o2NonhsBO71qyrCoPcu1g,"7guDJrEfX3qb6FEbdPA5qi","I Ain't Gonna Stand For It","Hotter Than July","Stevie Wonder",1980-09-29,279000,38,spotify:user:barak.tzori,2022-12-02T01:17:46Z,"motown,soul",0.731,0.434,9,-15.186,1,0.0309,0.000275,0.00889,0.144,0.83,113.587,4
7dB6hQAKswev2A71uhNYre,"6xt9sJmmyYwWkJv8A6ssiU","Companion Pass","Motivational Music for the Syncopated Soul","Cory Wong",2019-08-02,374066,27,spotify:user:barak.tzori,2022-12-02T15:24:30Z,"instrumental funk",0.761,0.606,0,-6.501,1,0.108,0.275,0.0562,0.0468,0.72,87.004,4
2tEAyPRieofT5ktF5YlqL6,"47bGK00zHXcGlUWfrE0dvi","Epoxi-Lips","…And The Battle Begun","Rx Bandits",2006-08-08,364666,22,spotify:user:barak.tzori,2022-12-03T18:48:59Z,"",0.353,0.873,2,-6.042,0,0.0864,0.00595,0.0000281,0.313,0.178,92.07,4
7dR7OAiKHG38boNC3XTkLa,"6Zd7AjXsoLaweP9FHyudVC","Into the White","The Tide, the Thief & River's End (Re-issue 2017)","Caligula's Horse",2013-06-16,499533,24,spotify:user:barak.tzori,2022-12-03T23:16:42Z,"djent,progressive metal",0.305,0.656,9,-7.835,0,0.0442,0.00179,0.648,0.601,0.0704,175.549,3
6CAYXIhkBARYmy7kVNDIOi,"3m7Ej9zfNto7JOsjKsYhEr,336vr2M3Va0FjyvB55lJEd","I'll Stay","Hard Groove","The RH Factor,D'Angelo",2003-01-01,470546,49,spotify:user:barak.tzori,2022-12-06T18:56:37Z,"indie jazz,modern funk,neo r&b,indie soul,neo soul,soul",0.632,0.276,4,-13.697,0,0.0594,0.632,0.293,0.157,0.237,129.693,4
5LIwaG8Wl9LfExcmiRQm7J,"336vr2M3Va0FjyvB55lJEd","Send It On","Voodoo","D'Angelo",2000-01-01,356493,58,spotify:user:barak.tzori,2022-12-06T19:20:49Z,"indie soul,neo soul,soul",0.788,0.258,5,-11.758,1,0.104,0.171,0.00721,0.326,0.335,127.492,3
1DNkxLaGqAIU43kHQkunoE,"336vr2M3Va0FjyvB55lJEd","When We Get By","Brown Sugar","D'Angelo",1995-07-03,344893,50,spotify:user:barak.tzori,2022-12-06T22:19:55Z,"indie soul,neo soul,soul",0.763,0.407,11,-11.514,1,0.0342,0.103,0.418,0.0532,0.703,108.894,4
4qweq7Zp2QnST0lC9WchKA,"5bepW5vcdRzheNc0F8lHJ5","Judas","Emily’s D+Evolution","Esperanza Spalding",2016-01-01,249520,37,spotify:user:barak.tzori,2022-12-07T15:26:41Z,"electric bass,jazz,jazz pop,vocal jazz",0.659,0.51,1,-7.689,1,0.0354,0.327,0.00000149,0.108,0.419,118.98,4
12Ykc8GW0kQJURPlxZgyXM,"3uaHfXYx9Fh4HjqMbrWn5S","Body & Soul","Joshua Redman","Joshua Redman",1993,290466,43,spotify:user:barak.tzori,2022-12-07T17:36:59Z,"contemporary jazz,contemporary post-bop,jazz,jazz saxophone,straight-ahead jazz",0.5,0.0982,10,-18.634,0,0.0422,0.847,0.44,0.109,0.318,112.779,4
0zoGVO4bQXG8U6ChKwNgeg,"5QeCklzEEYSSLWeUxuWeBy","4:00A.M.","MIGNONNE (Mastered by Bernie Grundman)","Taeko Onuki",1978-09-21,336960,69,spotify:user:barak.tzori,2022-12-12T00:12:06Z,"anime,classic city pop,japanese new wave,techno kayo",0.631,0.644,10,-10.81,0,0.0348,0.341,0.000411,0.0877,0.861,103.376,4
0MaM0yE9EdQEJwDfs6EAZ9,"0lRXEutklZUeNdWIJA1NI0","タイム・リミット","CASIOPEA","CASIOPEA",1979,187200,53,spotify:user:barak.tzori,2022-12-12T15:28:40Z,"japanese jazz,japanese jazz fusion",0.614,0.712,9,-9.198,0,0.05,0.156,0.791,0.0711,0.666,129.188,4
0bDlhKzFeybyiwcDYnrGe0,"3VEG6gxFIMfl4Cdog26avS","Alice In Wonderland - Take 2 / Live At The Village Vanguard, NYC; 6/25/1961","Sunday At The Village Vanguard [Keepnews Collection]","Bill Evans Trio",1961,514533,39,spotify:user:barak.tzori,2022-12-13T04:57:56Z,"bebop,contemporary post-bop,jazz,jazz trio",0.434,0.297,0,-18.316,1,0.0347,0.852,0.861,0.711,0.364,82.867,4
1sRQzflFI4OooCN1dQK9NG,"2HPiMwJktBXqakN0hnON2R","Dilemme","Gore","Lous and The Yakuza",2020-10-16,187013,50,spotify:user:barak.tzori,2022-12-13T22:41:34Z,"belgian pop",0.841,0.541,5,-7.564,0,0.143,0.0968,0,0.0982,0.378,145.038,4
6u9w8gYP6rdzqiJwxr3JFN,"11PSrxL3fUwegNhxdfP6zE","One for One","A Very Vulfy Christmas","Woody Goss",2019-12-23,393986,18,spotify:user:barak.tzori,2022-12-14T16:48:48Z,"",0.733,0.244,8,-16.675,1,0.0442,0.754,0.795,0.0982,0.559,98.489,4
5yvN1r8skR9fE5jqNgsCox,"3gC0JIIgE2lK3yztam5ndm","הקנאה","על מי אני עובד","Yoni Bloch",2008-11-19,244600,43,spotify:user:barak.tzori,2022-12-15T17:52:11Z,"israeli pop",0.546,0.681,0,-6.003,1,0.0696,0.0726,0,0.188,0.501,140.002,4
5xRlNALFbZ7gaWGlySwfTM,"2a4lU7F8toqKpb5v6Ftqya","Break up Together","Heartbreak Hits","Theo Katzman",2017-01-06,207622,46,spotify:user:barak.tzori,2022-12-16T00:27:51Z,"retro soul",0.87,0.414,5,-10.995,1,0.0452,0.564,0.0000347,0.121,0.89,103.958,4
5hReWjUHqPqkHi31G7izL4,"3koiLjNrgRTNbOwViDipeA","Inner City Blues (Make Me Wanna Holler)","What's Going On","Marvin Gaye",1971-05-21,327706,63,spotify:user:barak.tzori,2022-12-16T01:04:14Z,"classic soul,motown,neo soul,northern soul,quiet storm,soul",0.63,0.455,1,-13.667,1,0.0322,0.792,0.132,0.133,0.645,94.08,4
6lnnaGN20kl0jEYJSxCgU9,"0epOFNiUfyON9EYx7Tpr6V","You Talk Way Too Much","Room On Fire","The Strokes",2003-10-28,186266,55,spotify:user:barak.tzori,2022-12-19T01:39:06Z,"alternative rock,garage rock,modern rock,permanent wave,rock",0.304,0.971,4,-3.226,1,0.0351,0.0594,0.955,0.0799,0.695,127.856,4
0GdpNrAXxfPzO8bNVGBbBF,"2q37Nw8NND2z1T1KU5XVfn","The Emancipation Procrastination","The Emancipation Procrastination","Christian Scott aTunde Adjuah",2017-10-20,385343,30,spotify:user:barak.tzori,2022-12-19T16:31:54Z,"contemporary jazz,experimental jazz,jazz,jazz trumpet,new orleans jazz",0.386,0.596,11,-7.531,0,0.0433,0.0682,0.735,0.134,0.367,94.392,4
40r2OiHd5URFzTZUFBxYDq,"6wTD4jLsPadWutQ9nJvzT6,5vCIoZWrnWUkjCKmtaADQc,6g23EYtQQXDz44soLZMS39","Reflections in D","Perpetual Pendulum","Larry Goldings,Peter Bernstein,Bill Stewart",2022-03-25,335866,38,spotify:user:barak.tzori,2022-12-20T16:36:06Z,"jazz organ,modern jazz piano,jazz guitar,contemporary jazz,jazz drums",0.412,0.111,9,-15.758,1,0.0316,0.972,0.926,0.115,0.127,54.634,4
048XvcvReQT5p5pMGAnOoa,"5Bj6U1x2ex6wcZccSxdzBB,13i7SMIdA5Cr1zbkwQuBlK,2RjYqvCG5Zt1DpQUPhgw77","This Is Nothing","Golden Valley Is Now","Reid Anderson,Dave King,Craig Taborn",2019-09-20,388986,8,spotify:user:barak.tzori,2022-12-20T19:13:10Z,"jazz double bass,avant-garde jazz,contemporary jazz,ecm-style jazz,jazz piano,modern jazz piano",0.598,0.242,1,-15.428,0,0.0388,0.583,0.943,0.0968,0.37,138.928,4
219KagdSKkXdjTDBFDPZur,"2RjYqvCG5Zt1DpQUPhgw77,41ZBQqguJTIzwRdgg82w9a,4RvllXSRb8WB2CsfjalFs9","Bodies We came out of","Light Made Lighter","Craig Taborn,Chris Lightcap,Gerald Cleaver",2001-10-23,297373,9,spotify:user:barak.tzori,2022-12-21T18:20:54Z,"avant-garde jazz,contemporary jazz,ecm-style jazz,jazz piano,modern jazz piano,free jazz,jazz drums,modern free jazz",0.35,0.485,1,-15.62,1,0.0382,0.387,0.931,0.107,0.563,100.854,4
5ncofiedz9Ej6YkvvXMKVn,"0epOFNiUfyON9EYx7Tpr6V","Not The Same Anymore","The New Abnormal","The Strokes",2020-04-10,337333,60,spotify:user:barak.tzori,2022-12-22T15:58:11Z,"alternative rock,garage rock,modern rock,permanent wave,rock",0.353,0.613,9,-5.9,1,0.031,0.384,0.0123,0.103,0.282,177.375,4
7E2DmdNiXixuo7AhJOcvgy,"7g3iwvP459BN53F7CDxemI","Planet Rock - Instrumental","Modernistic","Jason Moran",2002-01-01,346666,12,spotify:user:barak.tzori,2022-12-23T16:57:54Z,"contemporary jazz,jazz piano,modern jazz piano",0.73,0.316,7,-13.729,1,0.0316,0.855,0.643,0.249,0.506,119.872,4
2rT9arG3oKOPquWNik5l73,"1hcdI2N1023RvSwLzTtdsp","Mi manera de querer","De Todas las Flores","Natalia Lafourcade",2022-10-28,233800,53,spotify:user:barak.tzori,2022-12-24T19:11:07Z,"cantautora mexicana,latin alternative,latin pop,mexican pop,rock en espanol,veracruz indie",0.67,0.585,2,-9.473,1,0.169,0.65,0.000168,0.165,0.582,78.269,4
0OELbIdFIbWHbXzOubqMzq,"3o4fUiasOIIsbjY8urlqX9","Plattenbau Persephone Praxis","Hostile Architecture","Ashenspire",2022-07-15,405348,25,spotify:user:barak.tzori,2022-12-26T15:47:21Z,"progressive black metal",0.208,0.96,4,-5.005,0,0.206,0.0402,0.107,0.0978,0.198,95.575,3
1ZAAAOmcklGTQDrArjLBxa,"2N7DBqf05DIw5tqKLRAUq4","Shadow in the Frame","You Belong There","Daniel Rossen",2022-04-08,316769,0,spotify:user:barak.tzori,2022-12-27T15:42:37Z,"baroque pop",0.333,0.505,5,-9.181,0,0.0296,0.609,0.0399,0.0819,0.383,155.397,4
2DBlfjL5chsdeULzhTp5K8,"62sC6lUEWRjbFqXpMmOk4G","Waiting Room","13 Songs","Fugazi",1989-09-01,173266,65,spotify:user:barak.tzori,2022-12-28T16:53:40Z,"alternative rock,dc hardcore,noise pop,noise rock,post-hardcore,post-punk,punk",0.618,0.716,6,-8.224,0,0.0367,0.00473,0.822,0.179,0.545,92.174,4
1iDxNtb7jleE8GqD4m81dA,"7pXu47GoqSYRajmBCjxdD6,7vWFpgyWJ9CXisL0x6vYJN","New Guru","Schvitz","Vulfpeck,Antwaun Stanley",2022-12-30,204174,53,spotify:user:barak.tzori,2023-01-10T17:02:50Z,"ann arbor indie,funk rock,instrumental funk,praise",0.79,0.572,6,-9.072,0,0.176,0.02,0,0.152,0.745,132.531,4
4JJ5zGKnb1IpERyBrfmb1y,"4gzpq5DPGxSnKTe4SA8HAU","A Rush of Blood to the Head","A Rush of Blood to the Head","Coldplay",2002-08-08,351400,59,spotify:user:barak.tzori,2023-01-12T04:57:54Z,"permanent wave,pop",0.525,0.472,5,-8.018,1,0.0255,0.156,0.00000439,0.29,0.116,138.39,4
7D0RhFcb3CrfPuTJ0obrod,"4gzpq5DPGxSnKTe4SA8HAU","Sparks","Parachutes","Coldplay",2000-07-10,227093,88,spotify:user:barak.tzori,2023-01-12T05:11:01Z,"permanent wave,pop",0.371,0.268,1,-10.506,1,0.0281,0.748,0.0517,0.104,0.165,102.617,3
094EomfUAtwLtniHpIHzzr,"5Rpubz1id17VKCrm0mBW1h","מות התפוז","זמן התפוז","Rona Kenan",2019-03-07,184014,32,spotify:user:barak.tzori,2023-01-13T02:49:50Z,"israeli pop,israeli rock,israeli singer-songwriter",0.674,0.521,0,-9.698,1,0.0278,0.416,0.0000489,0.109,0.737,138.036,4
79f0VCHqbXTug5bBUtkhlH,"29Wmfm1CojrjQ3aQP0FI65","El Centro","Dying Surfer Meets His Maker","All Them Witches",2015-10-30,505066,33,spotify:user:barak.tzori,2023-01-14T21:48:32Z,"indie rock,modern blues rock,neo-psychedelic,stoner rock",0.394,0.957,10,-7.426,0,0.0733,0.000868,0.678,0.101,0.214,111.963,4
4HOYVuhI5K90f1XMcO7c4H,"29Wmfm1CojrjQ3aQP0FI65","The Children of Coyote Woman","Nothing as the Ideal","All Them Witches",2020-09-04,216370,47,spotify:user:barak.tzori,2023-01-14T22:25:25Z,"indie rock,modern blues rock,neo-psychedelic,stoner rock",0.611,0.447,7,-8.695,1,0.026,0.767,0.00737,0.196,0.153,101.037,4
3Vnd9kqU36jdtgXXcxEJHW,"162DCkd8aDKwvjBb74Gu8b","Teen Town","Heavy Weather (Expanded Edition)","Weather Report",1977-04-17,172333,40,spotify:user:barak.tzori,2023-01-14T23:31:57Z,"bebop,contemporary post-bop,electric bass,jazz,jazz funk,jazz fusion",0.542,0.675,11,-13.456,0,0.0331,0.427,0.796,0.116,0.597,127.947,4
2CeY0S8kVprPlCO4r5ffzx,"4T5R55g1hbK1uneOZ0L2XJ","The Ghosts of Charlie Barracuda","The Devil and the Almighty Blues","The Devil and the Almighty Blues",2015-02-16,466382,35,spotify:user:barak.tzori,2023-01-15T16:15:00Z,"modern blues rock,psychedelic doom,retro metal,space rock,stoner metal,stoner rock",0.298,0.584,11,-7.257,1,0.0322,0.0435,0.328,0.1,0.388,143.927,3
7AhITGRwOdxigChTsJktrP,"7iE2GZiF0xVFzlA2E93m3g","שלג צח","גבירותי ורבותי","Mashina",1989-03-01,203933,8,spotify:user:barak.tzori,2023-01-16T04:32:01Z,"classic israeli pop,israeli rock",0.664,0.934,9,-4.501,1,0.0302,0.0847,0,0.383,0.809,123.03,4
73gtcPqXsB7lcw73nxDQ0M,"7xNJVZXROiRM1nVTjqHE5L","Rio Sinal Verde","Copacabana Sadia","Junior Mendes",1982-06-29,214933,19,spotify:user:barak.tzori,2023-01-17T02:09:11Z,"brazilian boogie",0.657,0.934,0,-6.408,1,0.0852,0.671,0,0.114,0.833,147.198,4
21O0XXPEWPtePt5RMY93Ob,"2aoFQUeHD1U7pL098lRsDU,5LhTec3c7dcqBvpLRWbMcf,2pAWfrd7WFF3XhVt9GooDL","All Caps","Madvillainy","Madvillain,Madlib,MF DOOM",2004-03-24,130479,74,spotify:user:barak.tzori,2023-01-20T03:59:32Z,"abstract hip hop,alternative hip hop,hip hop,psychedelic hip hop,instrumental hip hop,east coast hip hop",0.358,0.889,1,-8.045,1,0.335,0.266,0.0000146,0.172,0.666,85.61,4
62BAUowDhqEc6Hl4npi4vD,"7betQsqYu9NLsPQCEAxaDR,5LhTec3c7dcqBvpLRWbMcf","Peace/Dolphin Dance","Shades Of Blue: Madlib Invades Blue Note","Joe McDuphrey Experience,Madlib",2003-06-24,338840,28,spotify:user:barak.tzori,2023-01-20T04:47:51Z,"experimental jazz,abstract hip hop,alternative hip hop,hip hop,instrumental hip hop,psychedelic hip hop",0.246,0.832,0,-8.858,1,0.215,0.577,0.177,0.556,0.351,75.81,4
78aw2e4YuglThxQs1THTDo,"2JC4hZm1egeJDEolLsMwZ9","Disease, Injury, Madness","The Great Misdirect","Between The Buried And Me",2009-10-27,662960,26,spotify:user:barak.tzori,2023-01-20T18:49:28Z,"djent,melodic metalcore,north carolina metal,progressive metal",0.211,0.935,11,-6.232,0,0.229,0.000748,0.145,0.616,0.297,173.525,3
4JDhI64ngcTXeTr3gX1qW4,"2ZvrvbQNrHKwjT7qfGFFUW,1zuJe6b1roixEKMOtyrEak","Edith And The Kingpin","River: The Joni Letters","Herbie Hancock,Tina Turner",2007-01-01,392026,23,spotify:user:barak.tzori,2023-01-21T22:45:57Z,"contemporary post-bop,instrumental funk,jazz,jazz funk,jazz fusion,jazz piano,soft rock",0.69,0.435,9,-10.817,0,0.0423,0.797,0.0021,0.109,0.348,93.521,4
3eDTDeZHbCv9rWgT6HbysX,"5oNJNBpUU3zRyC8xHwCnQL","Samba Em Prelùdio","Homes","Gilad Hekselman",2015-10-09,431973,33,spotify:user:barak.tzori,2023-01-24T16:51:54Z,"israeli jazz,jazz guitar",0.517,0.0619,11,-22.056,0,0.0348,0.964,0.819,0.118,0.282,109.522,4
49ECKlsOXqyNXydiNCS2Md,"7EhUXju6pssa8o3CvFJTew","Chanson d'un jour d'hiver","Troupeau bleu","Cortex",1975-07-15,323946,43,spotify:user:barak.tzori,2023-01-27T16:35:47Z,"spytrack",0.277,0.501,9,-11.95,0,0.0374,0.519,0.609,0.124,0.343,146.263,4
4O4RFEWff8GeQwypae0ibM,"7EhUXju6pssa8o3CvFJTew","I Heard a Sigh","Inedit 79","Cortex",2006,209760,53,spotify:user:barak.tzori,2023-01-27T16:57:11Z,"spytrack",0.769,0.495,2,-10.83,0,0.0563,0.556,0.000475,0.0763,0.751,89.547,4
3iVcZ5G6tvkXZkZKlMpIUs,"2YZyLoL8N0Wb9xBt1NhZWg","Alright","To Pimp A Butterfly","Kendrick Lamar",2015-03-16,219333,83,spotify:user:barak.tzori,2023-02-01T16:55:34Z,"conscious hip hop,hip hop,rap,west coast rap",0.796,0.766,7,-5.974,1,0.238,0.0742,0,0.0827,0.558,110.034,4
0AOvNRgl0SMfOibWA5bP8o,"2YZyLoL8N0Wb9xBt1NhZWg,28ExwzUQsvgJooOI0X1mr3","Money Trees","good kid, m.A.A.d city (Deluxe)","Kendrick Lamar,Jay Rock",2012,386906,65,spotify:user:barak.tzori,2023-02-01T22:26:07Z,"conscious hip hop,hip hop,rap,west coast rap,southern hip hop,trap",0.716,0.531,7,-7.355,1,0.122,0.0703,0,0.224,0.344,71.994,4
3KUSSxjujFcEGhnsm0qeDo,"3BG0nwVh3Gc7cuT4XdsLtt","Recorda Me","Page One","Joe Henderson",1963-10-01,361773,41,spotify:user:barak.tzori,2023-02-02T00:19:27Z,"bebop,contemporary post-bop,hard bop,jazz,jazz saxophone",0.654,0.444,0,-10.178,1,0.0631,0.954,0.864,0.126,0.624,90.575,4
1OAexDDjMazKmZvhhf7J8v,"2OCklJbxEeL54I1EQOlbxW,11PSrxL3fUwegNhxdfP6zE","Palm of My Hand","Anyway","May Erlewine,Woody Goss",2020-08-14,232432,40,spotify:user:barak.tzori,2023-02-03T16:01:25Z,"michigan folk,michigan indie",0.528,0.327,8,-11.744,1,0.0403,0.534,0.0417,0.13,0.457,78.845,3
35xQ1MwPiM2gAaMo9t6pch,"38eUVFRyGFT6VnEbaFRScQ,088AzItIc1cw6IsZWCyLvw","Sunday","Curse These Metal Hands","Conjurer,Pijn",2019-08-16,616669,25,spotify:user:barak.tzori,2023-02-06T16:56:55Z,"atmospheric post-metal,british death metal,chaotic hardcore,post-doom metal,post-metal,sludge metal,uk doom metal,uk post-metal,british post-rock",0.291,0.524,10,-9.197,1,0.0545,0.000272,0.869,0.383,0.0849,113.572,4
0KRliRKOaqc3vT8t9noppI,"2AR42Ur9PcchQDtEdwkv4L,3JLUCojZaHrX2LaUkSj7Ud,5yxyJsFanEAuwSM5kOuZKc","Movement 8","Promises","Floating Points,Pharoah Sanders,London Symphony Orchestra",2021-03-26,442961,33,spotify:user:barak.tzori,2023-02-07T15:34:08Z,"electronica,future garage,intelligent dance music,wonky,avant-garde jazz,free jazz,hard bop,jazz,jazz funk,jazz saxophone,spiritual jazz,british orchestra,classical,orchestra",0.191,0.0674,5,-25.632,0,0.0521,0.911,0.599,0.103,0.0366,97.842,4
3gXYRJKJZ6bnERFJysusrW,"2xKLLFEkYJvGtTihlsBLw1","Zegiyitwali","Samā'ī","Azmari",2021-01-22,119506,11,spotify:user:barak.tzori,2023-02-11T22:07:08Z,"belgian modern jazz",0.24,0.226,10,-13.336,1,0.0416,0.789,0.334,0.295,0.145,107.119,5
5Z0MrFDEIDB075We9w9276,"4fXkvh05wFhuH77MfD4m9o","Call Me","Half The City","St. Paul & The Broken Bones",2014-02-18,171266,65,spotify:user:barak.tzori,2023-02-13T15:34:11Z,"retro soul",0.573,0.786,7,-4.354,1,0.0352,0.0634,0.212,0.117,0.612,110.289,4
5ftEuFHASEAsCII0sg8qU9,"5ByjU6oarxRC2Y85JpKx1n","How Darwinian","Oh Fortune","Dan Mangan",2011-09-27,213186,3,spotify:user:barak.tzori,2023-02-13T16:17:34Z,"canadian indie,canadian singer-songwriter,vancouver indie",0.241,0.587,0,-7.334,1,0.0531,0.502,0.524,0.532,0.135,121.866,4
0mTZ3dGyrehghS3KowMWnm,"0rS1Y2DkDJhLiaR0MyJyCg","Dr. Beauchef, Penguin Dentist","Low Electrical Worker","Kneebody",2008-01-01,279386,18,spotify:user:barak.tzori,2023-02-15T15:56:01Z,"contemporary jazz,progressive jazz fusion",0.443,0.399,4,-10.408,0,0.0368,0.272,0.352,0.0869,0.122,62.941,4
4gQdwwPXSXnDkUh4jYqLoC,"0Mz5XE0kb1GBnbLQm2VbcO","Hip Hop","Black On Both Sides","Mos Def",1999-10-12,196440,58,spotify:user:barak.tzori,2023-02-17T16:22:48Z,"conscious hip hop,east coast hip hop,hip hop",0.592,0.861,1,-5.177,1,0.249,0.024,0,0.492,0.794,90.238,4
7J8rcTIa2nfNvksZwsyqBS,"5ByjU6oarxRC2Y85JpKx1n","Fire Escape","Being Somewhere","Dan Mangan",2022-10-28,223920,31,spotify:user:barak.tzori,2023-02-18T15:48:45Z,"canadian indie,canadian singer-songwriter,vancouver indie",0.749,0.521,6,-7.235,1,0.0474,0.255,0.00000357,0.103,0.657,96.051,4
6GAemDMWAXa8wZOBkO1gar,"09hVIj6vWgoCDtT03h8ZCa","Buggin' Out","The Low End Theory","A Tribe Called Quest",1991-09-24,217466,62,spotify:user:barak.tzori,2023-02-18T18:25:26Z,"conscious hip hop,east coast hip hop,golden age hip hop,hip hop,jazz rap,queens hip hop",0.887,0.419,10,-10.961,0,0.353,0.114,0.268,0.129,0.576,96.149,4
5lc9L9FeLBwlJPgEbq9uEw,"450o9jw6AtiQlQkHCdH6Ru","Can You Get To That","Maggot Brain","Funkadelic",1971-07-12,169856,65,spotify:user:barak.tzori,2023-02-19T22:20:23Z,"classic soul,funk,funk rock,p funk,psychedelic soul,soul",0.681,0.897,8,-5.44,1,0.0874,0.672,0,0.1,0.852,140.803,4
4rLu8rOuwHPGFCmo1Yv5We,"2vI9KFm0fwSfPrpEgOeIbq","Dusty McNugget","Largo","Brad Mehldau",2002-08-13,343000,23,spotify:user:barak.tzori,2023-02-22T17:43:39Z,"contemporary jazz,contemporary post-bop,jazz,jazz fusion,jazz piano,modern jazz piano",0.394,0.561,2,-8.481,1,0.0363,0.00246,0.444,0.07,0.388,176.089,4
1A7Lnj2hcjGeZa1ywQD4xh,"79yGLYvB762fzc956hwpza","כל כיוון","האיש שראה הכל","Rockfour",1995-03-01,307866,28,spotify:user:barak.tzori,2023-02-23T14:50:46Z,"classic israeli pop,israeli rock",0.314,0.503,0,-11.224,1,0.0318,0.0531,0.731,0.283,0.521,155.541,4
0xjx0x6M9700ehonxNpZHd,"79yGLYvB762fzc956hwpza","רחובות העיר","רשת פרפרים","Rockfour",1991-09-01,213160,5,spotify:user:barak.tzori,2023-02-24T17:02:52Z,"classic israeli pop,israeli rock",0.525,0.791,0,-12.889,0,0.0335,0.0399,0.0279,0.176,0.802,135.278,4
0FzaBseKIULkamv4EO5ejX,"6z3BjfmgvDUIHaJ0UPTtrQ","Divinity Within","Kezia","Protest The Hero",2006-04-04,272493,26,spotify:user:barak.tzori,2023-02-25T15:43:36Z,"canadian metal,canadian post-hardcore,djent,melodic metalcore",0.309,0.815,6,-6.371,0,0.0611,0.000115,0.235,0.331,0.38,116.149,4
0aheciYTtr7GEX6D9PLBUv,"3Meu28o8P5z9Zjm6NTGihT","In The Shadow Of Our Pale Companion","The Mantle","Agalloch",2002,885426,42,spotify:user:barak.tzori,2023-02-25T18:05:54Z,"atmospheric black metal,atmospheric doom,black metal,blackgaze,cascadian black metal,doom metal,pagan black metal,portland metal,post-metal,usbm,viking metal",0.266,0.825,0,-6.132,1,0.0433,0.000125,0.755,0.113,0.0688,115.017,4
1OUlBke0X2Kjlw96dDNTpA,"3uaHfXYx9Fh4HjqMbrWn5S","The Birthday Song","Elastic","Joshua Redman",2002,301600,16,spotify:user:barak.tzori,2023-02-26T00:44:50Z,"contemporary jazz,contemporary post-bop,jazz,jazz saxophone,straight-ahead jazz",0.667,0.588,7,-11.577,1,0.0414,0.427,0.876,0.115,0.592,82.253,4
04zfFfRMXegKi4mMkGMeze,"4gzpq5DPGxSnKTe4SA8HAU","Yes","Viva La Vida or Death and All His Friends","Coldplay",2008-05-26,426653,46,spotify:user:barak.tzori,2023-02-27T16:05:13Z,"permanent wave,pop",0.162,0.807,6,-6.277,1,0.0538,0.00884,0.358,0.187,0.227,161.577,4
59jhPOMeoNpPtJKZ75IxIi,"4hdVPbHhsWAn2XTXVRJoxB","Blood Count - Live","Got the Keys to the Kingdom: Live at the Village Vanguard","Chris Potter",2023-02-17,541361,14,spotify:user:barak.tzori,2023-02-28T00:27:47Z,"contemporary post-bop,jazz saxophone",0.484,0.167,9,-13.935,1,0.0578,0.959,0.77,0.679,0.114,115.248,4
3REwvRwEnRs0SSm1p7EyFq,"5lqyPWmAivV75tII5Vxpet","The Old Ones Are with Us","Thrice Woven","Wolves In The Throne Room",2017-09-22,516182,29,spotify:user:barak.tzori,2023-03-01T16:33:00Z,"ambient black metal,atmospheric black metal,black metal,blackgaze,cascadian black metal,doom metal,drone metal,pagan black metal,post-metal,technical black metal,usbm,voidgaze",0.169,0.725,7,-6.829,0,0.0515,0.00353,0.0882,0.374,0.182,146.403,3
6cAtO392jCACgCoQzBMMEL,"2Mz5qpR3WxbcBwZBsmraWE","Autumn Eternal","Autumn Eternal","Panopticon",2015-10-30,424690,0,spotify:user:barak.tzori,2023-03-01T22:32:56Z,"appalachian black metal,atmospheric black metal,autonomous black metal,bosnian electronic,folk black metal,forest black metal,kentucky metal,post-metal,usbm,voidgaze",0.225,0.956,8,-6.759,1,0.0802,0.0000144,0.812,0.235,0.14,150.067,4
2vluFKWBHtkr691daGDUzP,"2Mz5qpR3WxbcBwZBsmraWE","En hvit ravns død","The Scars of Man on the Once Nameless Wilderness, Part 1","Panopticon",2018-04-06,578925,0,spotify:user:barak.tzori,2023-03-01T23:50:26Z,"appalachian black metal,atmospheric black metal,autonomous black metal,bosnian electronic,folk black metal,forest black metal,kentucky metal,post-metal,usbm,voidgaze",0.132,0.914,8,-8.317,1,0.122,0.000599,0.758,0.468,0.0385,144.193,4
46ZT7OTMyn58msJFzry8UH,"4m89QPKg1HGi9VIF7qgvWa","Bad Heart","Return of the Kildeer","Veda Hille",2005-05-01,247946,0,spotify:user:barak.tzori,2023-03-03T00:48:20Z,"canadian singer-songwriter",0.48,0.0392,2,-22.145,1,0.0475,0.752,0.0343,0.119,0.0394,112.946,4
3GOzg8kz4v8gtk3rdK4IEp,"61D6KlxqzZEAWfD2CGc6Qp","Leviathan","False Light","White Ward",2022-04-29,797114,33,spotify:user:barak.tzori,2023-03-18T13:51:42Z,"atmospheric black metal,blackgaze,post-metal,ukrainian black metal,voidgaze",0.2,0.869,11,-6.263,0,0.0717,0.000122,0.818,0.1,0.107,94.94,4
2eGfDDQtptK4isVIdNEnCS,"2gaXk926O69Od01e5CSFdH","La plus belle chanson du monde","Jacqueline Taïeb","Jacqueline Taieb",1967-04-03,152760,34,spotify:user:barak.tzori,2023-03-19T00:00:37Z,"ye ye",0.499,0.802,6,-4.122,0,0.0333,0.0205,0.000148,0.146,0.408,93.176,4
47BmN0oiTdwpMmeKiYiw99,"0BTfBwYC5Mw5ezDg91JBma","Oam'S Blues","Worlds","Aaron Goldberg",2006-05-09,266133,12,spotify:user:barak.tzori,2023-03-20T15:52:26Z,"contemporary jazz,modern jazz piano",0.419,0.544,6,-14.018,1,0.0466,0.105,0.851,0.0968,0.773,81.999,4
5fR2HxVUlaSicq9q9rRmLj,"5mYw31MXiGnqTMliAcl7m8","Shadamanthem","Life Forum","Gerald Clayton",2013-01-01,397946,4,spotify:user:barak.tzori,2023-03-23T15:11:57Z,"contemporary jazz,jazz,modern jazz piano,straight-ahead jazz",0.336,0.467,10,-12.947,0,0.0383,0.261,0.841,0.111,0.367,91.556,4
77XuFlcs5uZOxMwcSNu1JL,"5I6ni4YWY0WJUs6rFqufxT","Redbone (Live at Blue Nile, New Orleans, 2017) - Cover","Squeeze Live, Vol. 1","The Main Squeeze",2017-09-10,387013,32,spotify:user:barak.tzori,2023-03-26T23:51:43Z,"retro soul",0.508,0.629,3,-6.679,0,0.0462,0.058,0.00135,0.417,0.71,83.486,4
1GzBTeJLSh6frMPWxvNygc,"2i1CPudyCUjL50Wqjv8AMI","Keep On","Antiphon","Alfa Mist",2017-03-03,647000,51,spotify:user:barak.tzori,2023-03-27T15:28:16Z,"british jazz,indie soul",0.611,0.328,1,-13.392,0,0.047,0.119,0.786,0.104,0.471,103.343,4
4GNBjMLPjb0YaHlRv7dBR2,"7xT0arvCDupDU1YYy0BNv9","Kelen ati leen","A Night At Club Baobab (Senegalese Dance Music of the 70's)","Orchestra Baobab",2006-07-03,218573,47,spotify:user:barak.tzori,2023-03-27T16:47:20Z,"afrobeat,afropop,chicha,mande pop,west african jazz,world",0.642,0.806,2,-5.911,0,0.0691,0.613,0.000329,0.13,0.772,93.83,4
0AmPp1dsvdWFNTBs0nJBsC,"7xT0arvCDupDU1YYy0BNv9","Utrus Horas","Pirates Choice","Orchestra Baobab",1982-01-01,519706,52,spotify:user:barak.tzori,2023-03-28T19:33:10Z,"afrobeat,afropop,chicha,mande pop,west african jazz,world",0.724,0.268,11,-15.384,1,0.0403,0.829,0.000528,0.492,0.599,86.727,4
3c6wivu78aLN7ZXp8UbpaI,"3mNygoyrEKLgo6sx0MzwOL,1CPwHx5lgVxv0rfcp7UXLx","Ai Du (with Ry Cooder)","Talking Timbuktu (with Ry Cooder)","Ali Farka Touré,Ry Cooder",1994-03-28,429973,54,spotify:user:barak.tzori,2023-03-29T15:12:44Z,"afropop,desert blues,malian blues,mande pop,world,acoustic blues,blues,british blues,country blues,country rock,folk,folk rock,pastoral,piedmont blues,roots rock,singer-songwriter,traditional blues",0.57,0.225,5,-17.168,0,0.029,0.306,0.0586,0.0689,0.408,151.78,3
3qd6kWpXeX5SMvVuiS9qBY,"2sf2owtFSCvz2MLfxmNdkb","Sastanàqqàm","Elwan","Tinariwen",2017-02-10,204600,37,spotify:user:barak.tzori,2023-03-29T15:59:48Z,"afropop,desert blues,malian blues,musique touareg,tuareg guitar,western saharan folk,world",0.73,0.663,5,-7.778,0,0.0524,0.0284,0.0497,0.105,0.428,98.519,4
0VCxnMdEmqM4SVc5TXcmIV,"6A43Djmhbe9100UwnI7epV","War Pigs","B-Sides and Rarities","CAKE",2007-11-13,234013,33,spotify:user:barak.tzori,2023-03-30T18:06:32Z,"alternative rock,pop rock,post-grunge,sacramento indie",0.544,0.552,5,-8.163,0,0.036,0.0057,0.00000234,0.098,0.465,167.967,4
2tPdsbMVmdDp8S8RvikkkH,"7eZbNxarrTW4VkRI8u9aDX","Arrival","After the Magic","Parannoul",2023-01-28,464527,16,spotify:user:barak.tzori,2023-03-30T21:06:42Z,"korean indie rock,korean shoegaze",0.148,0.669,10,-6.199,1,0.0501,0.00038,0.68,0.166,0.134,92.225,3
3ZHwrNCXmQzaptxh5Z4jEI,"3PP6ghmOlDl2jaKaH0avUN","I Won’t Always Love You - Live at Bush Hall","Live at Bush Hall","Black Country, New Road",2023-03-24,250240,45,spotify:user:barak.tzori,2023-04-01T13:32:34Z,"crank wave,indie rock,london indie,uk post-punk revival",0.34,0.476,0,-8.606,0,0.0527,0.659,0.000129,0.722,0.169,125.267,4
05LNBtMuc26HSAHh7C6iG8,"1VEzN9lxvG6KPR3QQGsebR,6dUZplQfg5blo0h9HiJ94d,3j0ZsENc1qq8vQ0stKX2z1,6jrlNnS5B830kpi40j3S6g","St. Thomas","Saxophone Colossus","Sonny Rollins,Tommy Flanagan,Doug Watkins,Max Roach",1957-04,407600,44,spotify:user:barak.tzori,2023-04-02T22:19:47Z,"bebop,contemporary post-bop,jazz,jazz saxophone,jazz piano,jazz double bass,avant-garde jazz,free jazz,hard bop,jazz drums",0.552,0.509,0,-9.828,1,0.0428,0.605,0.509,0.0827,0.74,112.049,4
4Nngx0azfbJibdS5oT3dG8,"7IfculRW2WXyzNQ8djX8WX","Penitentiary Philosophy","Mama's Gun","Erykah Badu",2000-10-31,369826,48,spotify:user:barak.tzori,2023-04-06T18:17:29Z,"afrofuturism,alternative r&b,neo soul,r&b",0.505,0.505,6,-7.839,0,0.0913,0.0513,0.0811,0.0989,0.622,161.125,4
2wt5LGsrXLZnSFKoBdzFMt,"1PryMSya1JnSAlcwYawCxp","The Starchaser","The Exciting Sounds of Menahan Street Band","Menahan Street Band",2021-02-26,168400,0,spotify:user:barak.tzori,2023-04-06T15:35:49Z,"brass band,instrumental funk",0.538,0.767,10,-7.182,0,0.0346,0.0627,0.914,0.403,0.868,119.246,4
1lIOMibFPfFYlJnjQaZluo,"7guDJrEfX3qb6FEbdPA5qi","They Won't Go When I Go","Fulfillingness' First Finale","Stevie Wonder",1974-07-22,358933,36,spotify:user:barak.tzori,2023-04-10T18:06:53Z,"motown,soul",0.158,0.215,6,-12.594,0,0.0313,0.878,0.368,0.124,0.0369,78.65,4
63qqAXlMFDKO9gkIMiq3KH,"2aoFQUeHD1U7pL098lRsDU,5LhTec3c7dcqBvpLRWbMcf,2pAWfrd7WFF3XhVt9GooDL","Rainbows","Madvillainy","Madvillain,Madlib,MF DOOM",2004-03-24,171840,53,spotify:user:barak.tzori,2023-04-17T15:31:40Z,"abstract hip hop,alternative hip hop,hip hop,psychedelic hip hop,instrumental hip hop,east coast hip hop",0.449,0.7,4,-9.277,0,0.0596,0.048,0.104,0.873,0.41,94.072,4
5ZfajWPZCrybGueuWvRYua,"3I8R11HYhjJIKERAUSNXM0,60Ec3tL0Z85Jp3f2CTUUu3","My Ancestors","My Ancestors","Chrissy Zebby Tembo,Ngozi Family",1976,207426,22,spotify:user:barak.tzori,2023-04-23T23:38:05Z,"afro psych",0.744,0.497,5,-11.824,0,0.0686,0.194,0.0253,0.0944,0.833,123.929,4
7g0deDaAPbKAE5AVE7Ur8T,"0LMkPoi2xIgpOPUSJMftqM","Living in the Past","Witch: We Intend to Cause Havoc!","WITCH",2011-05-22,343853,36,spotify:user:barak.tzori,2023-04-25T16:06:45Z,"afro psych,stoner metal",0.484,0.618,2,-8.793,1,0.0754,0.101,0.0213,0.0788,0.345,155.809,4
3Jai674s9zQJJxsgsyRBHz,"4XpPveeg7RuYS3CgLo75t9","You Without End","Ordinary Corrupt Human Love","Deafheaven",2018-07-13,456440,43,spotify:user:barak.tzori,2023-04-27T15:05:09Z,"atmospheric black metal,blackened screamo,blackgaze,emotional black metal,post-metal,usbm",0.295,0.817,7,-7.594,1,0.0429,0.0392,0.833,0.32,0.276,128.351,4
1j8XUIPtQI1DIC8dMALW2F,"30UIjoCGuL3Fa5BOc3ayNW","Jungle Riders","African Voodoo","Manu Dibango",1972,179394,21,spotify:user:barak.tzori,2023-04-26T15:01:28Z,"afrobeat,afropop,makossa,world",0.603,0.848,7,-6.184,1,0.0348,0.456,0.944,0.166,0.909,87.87,3
0WSlOSMLJWoWUpWci9nnRb,"2JRvXPGWiINrnJljNJhG5s","Cissy Strut","The Meters","The Meters",1969,186853,64,spotify:user:barak.tzori,2023-04-26T15:30:38Z,"afrobeat,funk,instrumental soul,jazz funk,new orleans funk,p funk,soul",0.507,0.763,0,-12.732,1,0.0945,0.172,0.886,0.324,0.708,176.193,4
5fl9iJbPf5ZPenmUJxH2k9,"7pXu47GoqSYRajmBCjxdD6","Beastly","Mit Peck","Vulfpeck",2012-02-02,250650,48,spotify:user:barak.tzori,2023-05-05T16:21:32Z,"ann arbor indie,funk rock,instrumental funk",0.651,0.671,0,-12.195,1,0.0472,0.795,0.821,0.106,0.96,78.183,4
1djwGrgx2kYYqWMz9w7fWO,"0BqALs1lInR9TTOulUADH7","What's New - Live At The Pershing, Chicago, 1958","Ahmad Jamal At The Pershing: But Not For Me","Ahmad Jamal Trio",1958-01-01,249573,33,spotify:user:barak.tzori,2023-04-29T13:57:29Z,"bebop,jazz,jazz trio,soul jazz",0.588,0.404,0,-17.547,0,0.132,0.705,0.155,0.719,0.3,76.488,4
69z6Rrkv3z1Qo62ndsEIj1,"11PSrxL3fUwegNhxdfP6zE","threety three","High Loon!","Woody Goss",2023-04-28,217942,30,spotify:user:barak.tzori,2023-05-04T14:43:03Z,"",0.717,0.627,6,-8.423,0,0.0417,0.248,0.304,0.0776,0.709,96.306,4
2zelDSKrMkJzWNjgfRrQDi,"5vYmBw71RC0kABACDCq4Zi","LIGHT'N UP","LIGHT'N UP","Minako Yoshida",1982,348240,42,spotify:user:barak.tzori,2023-05-22T13:44:00Z,"classic city pop",0.55,0.824,9,-7.011,0,0.0603,0.0412,0.0238,0.283,0.778,116.917,4
3afeZ81GDy59tATovKyH6Z,"5bepW5vcdRzheNc0F8lHJ5","I Know You Know","Esperanza","Esperanza Spalding",2008-01-01,225200,53,spotify:user:barak.tzori,2023-05-24T14:18:51Z,"electric bass,jazz,jazz pop,vocal jazz",0.578,0.438,2,-11.483,0,0.0696,0.737,0.00877,0.097,0.79,89.083,4
50oIZpeq92CcRo2u5eiqv2,"7IGcjaMGAtsvKBLQX26W4i","Widower","Option Paralysis","The Dillinger Escape Plan",2010,383560,31,spotify:user:barak.tzori,2023-05-26T14:37:42Z,"american metalcore,mathcore,new jersey hardcore,new jersey punk,post-hardcore",0.339,0.86,0,-7.017,0,0.143,0.0798,0.0248,0.339,0.129,135.731,4
10X9Qfib5tGIwM5wOXUa5G,"5E2rtn57BM2WPjwak4kGd5","Invalid Litter Dept.","Relationship Of Command","At the Drive-In",2000,365279,0,spotify:user:barak.tzori,2023-05-29T14:24:39Z,"dance-punk,el paso indie,emo,post-hardcore",0.372,0.906,7,-3.823,1,0.136,0.0774,0,0.272,0.419,123.065,4
7mcxAKEt9nzvv8OoW19XKV,"0lO2c86rQmrRJArBxgw0v8","Thistled Spring","Thistled Spring","Horse Feathers",2010-04-20,224280,30,spotify:user:barak.tzori,2023-05-30T15:23:31Z,"indie folk,stomp and holler",0.265,0.0588,0,-15.336,1,0.0311,0.982,0.444,0.0764,0.186,76.006,4
5KJoVDHQLdIQHRUDe6QGhq,"3uO6HG2JwyP744sg4PMmg5","Movement - Remastered 1994","Components","Bobby Hutcherson",1994-01-01,451506,10,spotify:user:barak.tzori,2023-06-01T15:25:11Z,"contemporary post-bop,free jazz,hard bop,jazz,jazz funk,jazz vibraphone,mallet",0.39,0.197,7,-19.002,1,0.0536,0.952,0.879,0.0897,0.14,68.861,3
4aTcopxonBr4JVajnsGi6K,"6JpZEemWmunccsrHXFUOgi,1b3F5FI7TX4IWTNA4P1kWp","Never (Lagos Never Gonna Be the Same)","Rejoice","Tony Allen,Hugh Masekela",2020-03-20,233680,42,spotify:user:barak.tzori,2023-06-01T15:46:56Z,"afrobeat,afropop,world,jazz trumpet,kwaito,south african jazz",0.766,0.743,5,-8.458,1,0.0429,0.178,0.0206,0.0916,0.612,100.023,4
76HX0zmsTKXj9Toft4UfJj,"1DG1kERIyDVyUYZekOaEJt","Remember Me","Jose Chepito Areas","Jose 'Chepito' Areas",1974,162533,3,spotify:user:barak.tzori,2023-06-04T15:56:29Z,"",0.466,0.722,9,-10.802,1,0.0392,0.407,0.0022,0.46,0.96,128.474,4
64RyZVWjpacDmPdmPvZHmr,"0EJdA6JT738oZGopzk8Usg","Papillon","Les bruits de la ville","Voyou",2019-02-15,232240,19,spotify:user:barak.tzori,2023-06-07T16:00:21Z,"french indie pop,french indietronica,nantes indie,nouvelle chanson francaise",0.631,0.754,0,-6.576,1,0.0323,0.126,0.0137,0.111,0.875,90.015,4
7t92X8XWksvUH8Hl0heDQ9,"79yGLYvB762fzc956hwpza","הכעס","רשת פרפרים","Rockfour",1991-09-01,257838,38,spotify:user:barak.tzori,2023-06-08T16:15:47Z,"classic israeli pop,israeli rock",0.606,0.588,2,-13.512,1,0.0301,0.0876,0.0000106,0.127,0.576,127.971,4
396NwnQOITfA3WhhgllCm4,"73ieysHN7XpJYEnEAYsO3K","האם להיות בך מאוהב","השלישי","Aviv Geffen",1994-01-04,158093,33,spotify:user:barak.tzori,2023-06-09T18:37:56Z,"israeli rock",0.497,0.262,7,-14.222,1,0.0281,0.904,0.000472,0.122,0.232,106.679,4
5LHBCYa7ke3D91IGCuvCGf,"3M6YnfPlWWwWu0CZR33AIX","השכן","זקני צפת 2","Zikney Tzfat",1994-01-01,202333,38,spotify:user:barak.tzori,2023-06-09T18:56:44Z,"classic israeli pop,israeli rock",0.537,0.558,7,-8.683,1,0.0296,0.0243,0.00000128,0.106,0.828,96.967,4
3vFG1ZcB68ACOdeY99aYIm,"4FGpdN4lqGwjrFx9f2E1RI","Plate","Forever Forever","Genevieve Artadi",2023-03-17,207194,32,spotify:user:barak.tzori,2023-06-09T23:27:12Z,"",0.698,0.809,1,-9.273,1,0.047,0.125,0.923,0.198,0.886,144.276,4
6qRRWAS0O5nVozv6zswETq,"5TkylUv5ysSbNoawmn3PBj","Prettiest Virgin","Cardan","Agar Agar",2016-09-28,373992,50,spotify:user:barak.tzori,2023-06-12T00:18:24Z,"electro-pop francais,french indie pop,french indietronica",0.915,0.487,8,-8.853,1,0.0501,0.225,0.637,0.0799,0.562,120.023,4
44p1fS4Np0B2r7vVOwmeuG,"0sALjHLWzwa0fnA1pjmS1w","Fiso Place","For Magnio","Yorgui Loeffler",2009-04-20,154146,35,spotify:user:barak.tzori,2023-06-17T23:19:03Z,"gypsy jazz",0.623,0.629,5,-9.049,1,0.0424,0.638,0.875,0.19,0.763,127.222,4
1yYJJIW523fsgjkGAfHTfV,"0lRXEutklZUeNdWIJA1NI0","ミッドナイト・ランデブー - Live at Chuo Kaikan Hall, Tokyo, Feb. 1982","MINT JAMS(Live)","CASIOPEA",1982,297906,45,spotify:user:barak.tzori,2023-07-01T22:51:07Z,"japanese jazz,japanese jazz fusion",0.614,0.73,7,-8.931,1,0.0375,0.153,0.669,0.31,0.844,101.56,4
3sqNXrDvCy4nid6XbaA2Cg,"6P7H3ai06vU1sGvdpBwDmE","Kid Charlemagne","The Royal Scam","Steely Dan",1976-01-01,278800,56,spotify:user:barak.tzori,2023-06-20T16:12:49Z,"album rock,classic rock,country rock,folk rock,mellow gold,rock,soft rock,yacht rock",0.546,0.697,0,-9.667,1,0.0631,0.272,0.00558,0.649,0.755,96.752,4
0h3db9takW1VstPtRSt2mJ,"5bjBzC54QZgL6z05XhOXyw","ענבלים","ששת","Sheshet",1977-01-01,303813,22,spotify:user:barak.tzori,2023-06-21T16:34:00Z,"classic israeli pop,israeli rock",0.408,0.541,11,-8.593,0,0.0332,0.199,0.00000454,0.206,0.296,102.423,3
2nZ8iXdA5ks168pdFy28zi,"6aYyo8CRlyAGNa9KNYzxRf","Speech of Species","Speech of Species","Echoes of Zoo",2023-05-12,352746,6,spotify:user:barak.tzori,2023-06-25T23:04:12Z,"belgian modern jazz",0.22,0.774,2,-6.345,1,0.0511,0.0076,0.872,0.149,0.133,165.062,5
4kQwLlzkmWIfbiGkyEZkGl,"69zVBf7wk5vKWsTF7zE5CC","Étrange Mélange","Bleu","Claire Laffut",2021-09-03,180240,40,spotify:user:barak.tzori,2023-07-10T22:21:51Z,"french indie pop",0.526,0.785,6,-4.924,0,0.138,0.103,0.00000176,0.389,0.57,189.954,4
24Ge9G4S73n7IFOqfbwnHA,"6eforqOxk5mRrgprF7XtYu","Neuilly","Tropi-cléa","Clea Vincent",2017-04-22,148945,33,spotify:user:barak.tzori,2023-07-10T22:54:02Z,"electro-pop francais,french indie pop,french indietronica,french synthpop,nouvelle chanson francaise",0.649,0.525,10,-9.348,1,0.04,0.582,0.00126,0.105,0.465,101.238,4
777spaztBSyQ0ELifgXnFM,"2vI9KFm0fwSfPrpEgOeIbq,0QVlaFCrge4YWt0yftF8FE","The Folly of Desire: the boys i mean are not refined","Mehldau: The Folly of Desire","Brad Mehldau,Ian Bostridge",2023-06-02,290680,12,spotify:user:barak.tzori,2023-07-12T15:00:01Z,"contemporary jazz,contemporary post-bop,jazz,jazz fusion,jazz piano,modern jazz piano,art song,classical performance,classical tenor,opera",0.402,0.238,8,-14.915,1,0.0453,0.991,0.0616,0.108,0.0385,159.078,3
5w6sAwEDQcnF91GhTWaRuS,"1j8m5isW09lzbcz5kcUADT","Green","Don't Die On Me Now","Jett Rebel",2016-08-26,521640,29,spotify:user:barak.tzori,2023-07-21T15:25:43Z,"dutch indie,dutch pop,dutch rock",0.362,0.39,4,-8.019,1,0.0302,0.632,0.0467,0.119,0.416,140.869,3
2Dc1eV8crKCgukftIeRq8h,"0LMkPoi2xIgpOPUSJMftqM","Waile","Zango","WITCH",2023-06-02,315426,21,spotify:user:barak.tzori,2023-07-22T21:31:02Z,"afro psych,stoner metal",0.528,0.648,9,-9.359,0,0.0536,0.122,0.0029,0.0763,0.686,115.221,4
1YUKBtNr3cTjynYH1ewIpY,"3GUvYumHvxngYgB807pOOe","Tesko Mi Je Zaboravit Tebe","Over Fields And Mountains","Branko Mataja",2022-03-25,169266,17,spotify:user:barak.tzori,2023-07-22T22:08:25Z,"kolo",0.289,0.152,8,-16.732,1,0.0335,0.991,0.874,0.12,0.254,142.797,4
7AfbtT8GN1iv3Crb11NaVI,"2VAvhf61GgLYmC6C8anyX1","Telephasic Workshop","Music Has The Right To Children","Boards of Canada",1998-04-20,395480,45,spotify:user:barak.tzori,2023-07-22T22:29:43Z,"electronica,indietronica,intelligent dance music,scottish electronic,trip hop",0.772,0.83,1,-14.395,1,0.139,0.0175,0.843,0.0919,0.579,100.055,4
6yIRAdlCvYrYqszPqnqY6C,"0fiUV7n91Qqmgln2vQMVdO","I Give Up","Featuring Birds","Quasi",1998-04-21,174373,14,spotify:user:barak.tzori,2023-07-24T23:23:22Z,"gbvfi,lo-fi",0.311,0.704,0,-5.884,1,0.0361,0.0126,0.0207,0.0705,0.182,92.385,4
5E4AIOCPNZ8EGg6ebjFCPs,"4ePunOqQbOYoQwd1298g3Z","Federal Dust","American Water","Silver Jews",1998-10-20,241440,38,spotify:user:barak.tzori,2023-07-25T14:21:56Z,"alternative country,alternative rock,chamber pop,gbvfi,indie rock,lo-fi,noise pop",0.552,0.342,6,-11.895,1,0.0331,0.413,0.127,0.0989,0.195,136.85,4
0nJgIDMnqVuouCgnW8ebOR,"05YXDJuviChki9rwRNWq55","לא ידעתי שתלכי ממני","מתי כספי","Matti Caspi",1976-10-01,343946,34,spotify:user:barak.tzori,2023-07-27T14:42:45Z,"classic israeli pop,israeli rock",0.574,0.452,10,-7.285,0,0.029,0.589,0.00125,0.0747,0.43,173.483,3
2h7vwlbLYUkey1TdNNf4Yg,"0UsbPF0Mx5Y6mWwMEWihWN","הורה הסלמה!","הורה הסלמה!","Habiluim",2013-05-01,212084,18,spotify:user:barak.tzori,2023-07-28T21:36:02Z,"israeli rock",0.5,0.918,9,-5.112,1,0.066,0.025,0.0184,0.0252,0.812,167.959,4
5SM5amC17V4itA5jxIICjS,"3AA28KZvwAUcZuOKwyblJQ,4wvPcMJk7L9Rbw9Qh4kBeH,0Mz5XE0kb1GBnbLQm2VbcO","Sweepstakes (feat. Mos Def and Hypnotic Brass Ensemble)","Plastic Beach","Gorillaz,Hypnotic Brass Ensemble,Mos Def",2010-03-03,320466,49,spotify:user:barak.tzori,2023-08-02T14:47:41Z,"alternative hip hop,modern rock,rock,brass band,second line,street band,conscious hip hop,east coast hip hop,hip hop",0.724,0.803,5,-4.017,0,0.178,0.114,0,0.214,0.565,138.17,3
1VMQHOKtoylJVkfH9wK6BD,"4Hk4enNrVcLeSMuJahX0Nk","Across the Street","Dunzo","Woman Believer",2018-02-07,190208,13,spotify:user:barak.tzori,2023-08-03T14:42:41Z,"",0.724,0.516,1,-8.944,1,0.0282,0.861,0.0000779,0.0992,0.637,112.012,4
24py2LIWxCQZHCB2eR2x7S,"4Hk4enNrVcLeSMuJahX0Nk","Noise","The Hot Years","Woman Believer",2021-11-19,177413,8,spotify:user:barak.tzori,2023-08-03T15:18:01Z,"",0.726,0.505,0,-9.426,1,0.0293,0.0958,0.0151,0.0754,0.838,98.25,4
3Um9toULmYFGCpvaIPFw7l,"3koiLjNrgRTNbOwViDipeA","What's Going On","What's Going On","Marvin Gaye",1971-05-21,233000,73,spotify:user:barak.tzori,2023-08-04T21:30:35Z,"classic soul,motown,neo soul,northern soul,quiet storm,soul",0.283,0.716,1,-9.632,0,0.0986,0.447,0,0.399,0.828,201.96,4
6qL7sccU4FQS6zUgKCzNu6,"5IKKS7LhpdlmMwqIagqf3f","POOL","T H E","tricot",2013-10-02,237906,43,spotify:user:barak.tzori,2023-08-07T20:42:22Z,"japanese math rock,japanese post-rock,math rock",0.305,0.884,6,-3.07,0,0.0908,0.157,0.000734,0.335,0.409,76.335,3
03dVX9GKHBfgxXU74YONPf,"5IKKS7LhpdlmMwqIagqf3f","#アチョイ","不出来","tricot",2022-12-14,190533,38,spotify:user:barak.tzori,2023-08-07T20:48:45Z,"japanese math rock,japanese post-rock,math rock",0.445,0.906,8,-2.624,1,0.0844,0.000811,0.0481,0.111,0.773,102.915,4
0cjpO4MpFvVip20B01VqF9,"5IKKS7LhpdlmMwqIagqf3f","右脳左脳","真っ黒","tricot",2020-01-29,207318,34,spotify:user:barak.tzori,2023-08-09T14:24:07Z,"japanese math rock,japanese post-rock,math rock",0.573,0.858,7,-3.36,0,0.0497,0.0101,0.000768,0.164,0.637,119.581,4
6rpgkVBjx8c7WURyY3xHWm,"3zmfs9cQwzJl575W1ZYXeT","Pierre","Oncle Jazz","Men I Trust",2019-09-13,206859,48,spotify:user:barak.tzori,2023-08-14T23:39:02Z,"indie pop,pov: indie",0.587,0.265,7,-14.484,0,0.0593,0.943,0.0458,0.0883,0.337,142.347,4
522oSSdYJqadyIK80MOOqz,"0Y4inQK6OespitzD6ijMwb,5LhTec3c7dcqBvpLRWbMcf,0g9vAlRPK9Gt3FKCekk4TW,2i59qMkZ79k8WTLV6gMJXY","Lakers (feat. Ab-Soul, Polyester the Saint)","Piñata","Freddie Gibbs,Madlib,Ab-Soul,Polyester the Saint",2014-03-18,270506,44,spotify:user:barak.tzori,2023-08-16T21:03:43Z,"alternative hip hop,hip hop,indiana hip hop,rap,underground hip hop,abstract hip hop,instrumental hip hop,psychedelic hip hop,conscious hip hop,soul flow",0.514,0.731,6,-8.944,0,0.139,0.0107,0.00000179,0.597,0.504,85.73,4
1Tva251P6CYwQWpJOedwQ8,"6eXZu6O7nAUA5z6vLV8NKI","Introvert","Sometimes I Might Be Introvert","Little Simz",2021-09-03,362653,54,spotify:user:barak.tzori,2023-08-17T16:36:22Z,"alternative r&b,escape room,trap queen",0.294,0.867,1,-6.614,0,0.126,0.434,0.0202,0.122,0.117,86.357,4
01AOfjOA6IqrQpy97360A4,"78xUyw6FkVZrRAtziFdtdu","Will To Power (3rd Movement)","Undun","The Roots",2011-12-02,63813,21,spotify:user:barak.tzori,2023-08-17T20:36:52Z,"conscious hip hop,east coast hip hop,hip hop,philly rap,political hip hop",0.247,0.982,6,-9.102,0,0.189,0.502,0.96,0.167,0.038,176.021,1
203xmWRHAyqwW6AkGkhhVM,"09hVIj6vWgoCDtT03h8ZCa","The Space Program","We got it from Here... Thank You 4 Your service","A Tribe Called Quest",2016-11-11,341040,48,spotify:user:barak.tzori,2023-08-17T21:35:13Z,"conscious hip hop,east coast hip hop,golden age hip hop,hip hop,jazz rap,queens hip hop",0.612,0.705,1,-5.898,1,0.352,0.427,0,0.658,0.533,101.876,4
138lQtXzQcTPdQxnNLAdjX,"5m8H6zSadhu1j9Yi04VLqD","Small Talk","Small Talk","Sly & The Family Stone",1974-07,202680,18,spotify:user:barak.tzori,2023-08-29T20:05:44Z,"classic soul,funk,funk rock,p funk,psychedelic soul,soul,southern soul",0.871,0.392,5,-16.026,1,0.0927,0.701,0.0162,0.0966,0.781,104.467,4
4DcrZLp19qTdBYqc2bgj3V,"09hVIj6vWgoCDtT03h8ZCa","Sucka Nigga","Midnight Marauders","A Tribe Called Quest",1993-11-09,245080,52,spotify:user:barak.tzori,2023-08-30T03:27:42Z,"conscious hip hop,east coast hip hop,golden age hip hop,hip hop,jazz rap,queens hip hop",0.774,0.623,1,-10.372,1,0.324,0.299,0,0.385,0.928,86.233,4
32Uk6r7BFqNfpUVOFuQZFk,"75U40yZLLPglFgXbDVnmVs","Roulette Dares (The Haunt Of)","Deloused in the Comatorium","The Mars Volta",2003-01-01,450626,49,spotify:user:barak.tzori,2023-09-06T14:45:49Z,"el paso indie,garage rock",0.2,0.923,9,-5.075,0,0.267,0.00577,0.00789,0.278,0.24,160.092,3
3MFPbbBWAtymaXuhozyTo3,"7DCTgrI6aDK3nBRZm5RUKT","Theme For Jobim","Composer","Cedar Walton",1996,376720,3,spotify:user:barak.tzori,2023-09-07T15:28:31Z,"hard bop,jazz piano",0.559,0.397,8,-15.413,1,0.0303,0.819,0.636,0.0963,0.644,107.737,4
6Mbm86B4joMLyCncLCESCG,"0gqIrDRL7CEPBWMmkuZPdQ","Dog It","Blowout Comb","Digable Planets",1994-10-10,260693,53,spotify:user:barak.tzori,2023-09-07T23:03:33Z,"afrofuturism,east coast hip hop,hip hop,jazz rap,psychedelic hip hop",0.901,0.361,11,-14.2,0,0.268,0.261,0.704,0.0598,0.514,92.118,4
6HamqpndailP6wZUFRABhL,"2Ks1Z1scmEDZfaYaCS7Osj","Have You Fed Baby Huey Today","All News Is Good News","Surprise Chef",2020-07-10,261646,51,spotify:user:barak.tzori,2023-09-08T15:44:04Z,"indie jazz,uk contemporary jazz",0.73,0.406,7,-11.026,1,0.117,0.378,0.329,0.135,0.51,91.325,4
2VvUwV9PDrli8uapBKPQOv,"2Ks1Z1scmEDZfaYaCS7Osj","Spiky Boi","Friendship EP","Surprise Chef",2023-06-02,119510,48,spotify:user:barak.tzori,2023-09-08T16:08:25Z,"indie jazz,uk contemporary jazz",0.671,0.862,4,-5.606,0,0.102,0.000119,0.836,0.0945,0.538,94.741,4
5boY1VZLXBJojafFINgnJF,"5xeBMeW0YzWIXSVzAxhM8O","Gronlandic Edit","Hissing Fauna, Are You The Destroyer?","of Montreal",2007-01-23,204760,55,spotify:user:barak.tzori,2023-09-08T18:59:52Z,"art pop,baroque pop,dance-punk,elephant 6,indie rock,lo-fi,noise pop",0.972,0.401,4,-7.171,0,0.0478,0.0857,0.000632,0.108,0.693,119.982,4
1LuPrOdGp4NSWVsJ2sPJOx,"75U40yZLLPglFgXbDVnmVs","L'Via L'Viaquez","Frances the Mute","The Mars Volta",2005-02-10,741600,46,spotify:user:barak.tzori,2023-09-08T21:22:02Z,"el paso indie,garage rock",0.335,0.818,7,-5.673,0,0.181,0.0359,0.00275,0.08,0.574,174.854,4
7aLn70gMnbTCVGoIro42Kd,"0kEfub5RzlZOB2zGomqVSU","Lady Day and John Coltrane","Pieces of a Man","Gil Scott-Heron",1971-01-01,216333,55,spotify:user:barak.tzori,2023-09-10T15:55:14Z,"afrobeat,afropop,conscious hip hop,funk,jazz funk,political hip hop,slam poetry,soul",0.756,0.647,5,-10.205,0,0.0329,0.478,0.00000422,0.293,0.961,149.449,4
0IY5lHDP46LTWfEwu66TZd,"0jOs0wnXCu1bGGP7kh5uIu","Que Beleza","World Psychedelic Classics 4: Nobody Can Live Forever: The Existential Soul of Tim Maia","Tim Maia",2012-10-02,208573,42,spotify:user:barak.tzori,2023-09-12T16:45:40Z,"brazilian boogie,brazilian soul,mpb",0.512,0.539,5,-7.537,0,0.0402,0.35,0.354,0.0763,0.919,159.811,4
0kb4PNoYBjzbqwCBP6VuL3,"3ObnkOSF8KZ9405ZPJtwbB","הדוב והנחש","אביתר בנאי","Eviatar Banai",1997-07-01,204506,26,spotify:user:barak.tzori,2023-09-13T15:00:09Z,"classic israeli pop,israeli rock",0.324,0.394,5,-10.007,0,0.0319,0.624,0.00264,0.195,0.142,114.086,4
7m8n0UF4746K0i78mlcB0b,"3ObnkOSF8KZ9405ZPJtwbB","מחיאות כפיים","לילה כיום יאיר","Eviatar Banai",2009-07-09,199400,27,spotify:user:barak.tzori,2023-09-13T21:46:22Z,"classic israeli pop,israeli rock",0.437,0.949,10,-5.08,1,0.0927,0.365,0.0627,0.093,0.422,153.97,4
5Eh35D9tYQLlyMvQqRNE6D,"3ObnkOSF8KZ9405ZPJtwbB","גל","יפה כלבנה","Eviatar Banai",2013-08-08,221733,23,spotify:user:barak.tzori,2023-09-13T21:56:57Z,"classic israeli pop,israeli rock",0.358,0.652,9,-7.212,0,0.048,0.152,0.0292,0.0934,0.555,83.439,1
3EkJ5b2JvpGb4khbSbEp0L,"1j8m5isW09lzbcz5kcUADT","Tonight","Venus & Mars","Jett Rebel",2014-05-09,196360,31,spotify:user:barak.tzori,2023-09-16T22:32:37Z,"dutch indie,dutch pop,dutch rock",0.604,0.781,11,-5.194,0,0.0709,0.268,0.0000265,0.406,0.812,90.023,4
4B4kG3ecG3WOOHd5irCPGb,"2upjmNmngAXZcra9dQRR2l","I'll Never Make It","Cut Worms","Cut Worms",2023-07-21,337208,46,spotify:user:barak.tzori,2023-09-17T14:48:36Z,"modern psychedelic folk",0.534,0.539,5,-8.664,1,0.0302,0.646,0.0108,0.253,0.547,118.991,3
6lI55HJBsYwREwlBF4bMdG,"2upjmNmngAXZcra9dQRR2l","All The Roads","Nobody Lives Here Anymore","Cut Worms",2020-10-09,354485,25,spotify:user:barak.tzori,2023-09-17T15:15:16Z,"modern psychedelic folk",0.542,0.321,2,-10.701,1,0.0289,0.504,0.000389,0.0465,0.498,112.462,4
4nYNmXIkKKaDekfuaiZArd,"4ePunOqQbOYoQwd1298g3Z","Pet Politics","The Natural Bridge","Silver Jews",1996-10-01,244373,34,spotify:user:barak.tzori,2023-09-18T00:35:57Z,"alternative country,alternative rock,chamber pop,gbvfi,indie rock,lo-fi,noise pop",0.423,0.381,4,-12.445,0,0.0317,0.586,0.625,0.0992,0.223,96.155,4
5jleV2eVwKj4VzGeeTXmpw,"2upjmNmngAXZcra9dQRR2l","It Won't Be Too Long","Hollow Ground","Cut Worms",2018-05-04,197621,25,spotify:user:barak.tzori,2023-09-18T16:03:33Z,"modern psychedelic folk",0.588,0.7,9,-3.141,1,0.0315,0.738,0.000165,0.104,0.48,117.092,4
7A88IksEqI7hXtxnfbE8Tj,"5m8H6zSadhu1j9Yi04VLqD","I Don't Know (Satisfaction)","Fresh","Sly & The Family Stone",1973-06-30,232000,28,spotify:user:barak.tzori,2023-10-01T23:47:52Z,"classic soul,funk,funk rock,p funk,psychedelic soul,soul,southern soul",0.487,0.78,5,-9.667,1,0.202,0.605,0.0000172,0.141,0.708,174.998,4
3aTSpkl0UPLD4K4F6VsRVK,"5SMVzTJyKFJ7TUb46DglcH","Sir Nose D Voidoffunk","Funkentelechy Vs. The Placebo Syndrome","Parliament",1977-11-28,610133,31,spotify:user:barak.tzori,2023-10-02T16:47:02Z,"afrofuturism,classic soul,funk,funk rock,p funk,soul",0.588,0.689,6,-12.613,0,0.182,0.299,0.00525,0.293,0.761,85.681,4
6S3bsnpvBqRRn7LfzZSchM,"3uaHfXYx9Fh4HjqMbrWn5S,6V9mKint0pfZjIbeFF9vQk","Streets Of Philadelphia","where are we","Joshua Redman,Gabrielle Cavassa",2023-09-15,320893,37,spotify:user:barak.tzori,2023-10-06T16:06:49Z,"contemporary jazz,contemporary post-bop,jazz,jazz saxophone,straight-ahead jazz",0.592,0.372,3,-9.564,1,0.0631,0.877,0.215,0.11,0.296,143.349,4
2NXnBIYFPQPo7GSn3TEbpD,"4YHtIE7FI8ITfekzzN5Jpl","Strawberry Letter 23","INSPIRATION INFORMATION","Shuggie Otis",1974,239906,34,spotify:user:barak.tzori,2023-10-09T15:56:36Z,"afrobeat,funk,psychedelic soul,soul",0.519,0.483,9,-12.795,0,0.0277,0.139,0.000218,0.365,0.772,171.028,4
39m6vOwUEgjErRnsm93wu2,"2pdvghEHZJtgSXZ7cvNLou","Wooden Ships - 2005 Remaster","Crosby, Stills & Nash","Crosby, Stills & Nash",1969-05-29,326293,55,spotify:user:barak.tzori,2023-10-09T21:37:35Z,"album rock,classic rock,country rock,folk,folk rock,heartland rock,mellow gold,rock,soft rock",0.34,0.304,4,-13.39,0,0.033,0.666,0.0765,0.112,0.567,158.476,4
5b7u95IqXYRlDDKmgjqSAk,"5th2qoAWV7PiSo8r9zlIRD","Happy All the Time","Parables and Primes","Danny Schmidt",2005-07-12,278800,17,spotify:user:barak.tzori,2023-10-15T04:22:19Z,"austindie",0.662,0.389,2,-12.356,1,0.0515,0.75,0,0.382,0.411,111.248,4
5XThWom9GPyAzKdZMN0Bxh,"0BqALs1lInR9TTOulUADH7","Wave","The Awakening","Ahmad Jamal Trio",1970,265866,38,spotify:user:barak.tzori,2023-10-16T21:02:06Z,"bebop,jazz,jazz trio,soul jazz",0.5,0.302,7,-14.938,0,0.0285,0.93,0.935,0.11,0.361,90.9,4
5Cj3PIP4cEexdPuVcIOyyV,"1gMR3N9JWsr1x4GFjXJldt","Third Street Blues","Cedar","Cedar Walton Trio",1990,436000,3,spotify:user:barak.tzori,2023-10-17T15:58:01Z,"jazz trio",0.478,0.262,0,-23.787,0,0.0551,0.695,0.724,0.161,0.711,95.443,4
0U937D0sEO7pVvJgu2JZHa,"027ntpFbzyT1mGw71h1OaZ,7DT89nkTjnPsXUijqIxgCu","Further Down the Road","Sylvie","Sylvie,Marina Allen",2021-10-01,218980,33,spotify:user:barak.tzori,2023-10-19T15:00:09Z,"modern psychedelic folk",0.702,0.352,3,-10.724,1,0.0255,0.716,0.564,0.109,0.662,102.467,4
1JjE7yjhTLUuphPFmupPKE,"7DT89nkTjnPsXUijqIxgCu","Foul Weather Jacket Drawing","Centrifics","Marina Allen",2022-09-16,197338,15,spotify:user:barak.tzori,2023-10-19T21:37:11Z,"",0.709,0.162,11,-13.686,0,0.035,0.867,0.000049,0.108,0.333,107.886,4
58rQW2KohVRmK6pzU3urKR,"5qOfTfMzTj2dvvpWKzIFk6","Velouria","Give","The Bad Plus",2004-02-24,335560,14,spotify:user:barak.tzori,2023-10-20T15:20:22Z,"avant-garde jazz,contemporary jazz,jazz,jazz trio,modern jazz trio",0.376,0.665,10,-11.02,0,0.0505,0.0457,0.755,0.104,0.0761,120.875,4
0tZ3mElWcr74OOhKEiNz1x,"2d0hyoQ5ynDBnkvAbJKORj","Bulls On Parade","Evil Empire","Rage Against The Machine",1996-04-16,229466,77,spotify:user:barak.tzori,2023-10-20T16:00:56Z,"alternative metal,alternative rock,conscious hip hop,funk metal,hard rock,nu metal,political hip hop,post-grunge,rap metal,rap rock,rock",0.412,0.919,5,-7.291,1,0.184,0.0124,0.0601,0.424,0.572,166.367,4
3akkNN6AHsgyptR3QYU3vN,"62sC6lUEWRjbFqXpMmOk4G","Repeater","Repeater + 3 Songs","Fugazi",1990-03-01,181386,45,spotify:user:barak.tzori,2023-10-24T16:26:03Z,"alternative rock,dc hardcore,noise pop,noise rock,post-hardcore,post-punk,punk",0.386,0.735,9,-9.354,1,0.0515,0.000167,0.00971,0.344,0.79,131.693,4
0LLKhrm54tp36K2MbgBfAA,"6yJ6QQ3Y5l0s0tn7b0arrO,7aA592KWirLsnfb5ulGWvU","Steppa Pig","SCARING THE HOES","JPEGMAFIA,Danny Brown",2023-03-24,207878,58,spotify:user:barak.tzori,2023-10-31T03:27:04Z,"alternative hip hop,experimental hip hop,industrial hip hop,underground hip hop,detroit hip hop,escape room,hip hop",0.663,0.952,5,0.224,0,0.325,0.225,0,0.104,0.839,148.998,4
5VRVvhMA1szwwiv7Z7Jfrk,"7aA592KWirLsnfb5ulGWvU,2YZyLoL8N0Wb9xBt1NhZWg,0g9vAlRPK9Gt3FKCekk4TW,3A5tHz1SfngyOZM2gItYKu","Really Doe","Atrocity Exhibition","Danny Brown,Kendrick Lamar,Ab-Soul,Earl Sweatshirt",2016-09-30,319433,57,spotify:user:barak.tzori,2023-10-31T03:59:28Z,"alternative hip hop,detroit hip hop,escape room,hip hop,underground hip hop,conscious hip hop,rap,west coast rap,drumless hip hop,experimental hip hop",0.692,0.983,1,-3.469,1,0.29,0.0418,0,0.21,0.792,75.992,4
1iRHLY0nRyrLZNE3zZ4GLH,"3BG0nwVh3Gc7cuT4XdsLtt","Power To The People","Power To The People [Keepnews Collection] (Remastered)","Joe Henderson",1969,524000,17,spotify:user:barak.tzori,2023-10-31T16:55:16Z,"bebop,contemporary post-bop,hard bop,jazz,jazz saxophone",0.418,0.552,7,-12.492,0,0.0293,0.535,0.651,0.255,0.589,75.523,3
